{
    "fake_cairo": 32262.350972150605,
    "fake_hanoi": 34550.780068647495,
    "fake_kolkata": 33320.02355334622,
    "fake_lagos": 34386.36112420803,
    "fake_auckland": 33892.06521232001,
    "fake_mumbai": 32140.028924383736,
    "fake_guadalupe": 31231.34726552097,
    "fake_nairobi": 34028.17795131277
}