{"transpilation_time": 86.64241479200064, "estimation_time": 54.30578632799916, "optimization_time": 21.909092150001015, "mcdm_time": 7.283299964910839e-05, "schedule_generation_time": 0.00016053899889811873, "mean_error": [0.2099744905168069, 0.31427291264507107, 0.2099744905168069, 0.2557192365858657, 0.25921025442069334, 0.21691484618141732, 0.2660377007136041, 0.2178714569930295, 0.21030856211133567, 0.31013448819716943, 0.2637088826423933, 0.21231712494532928, 0.23586824547352836, 0.27896123561471753, 0.29980724858991387, 0.21839559610043655, 0.22449923425558896, 0.2236119513347564, 0.21396332607433763, 0.27523763232185006, 0.2251055935684919, 0.2420862832679407, 0.24307798234952885, 0.21920735689141568, 0.281098128724701, 0.2300527813263586, 0.23243267173239177, 0.2336259190491398, 0.2858879212702177, 0.2342923427141388, 0.2766426787038326, 0.3016623255020245, 0.2272932495397134, 0.3131829561231924, 0.25326734267269685, 0.23672981652122324, 0.23862587805976004, 0.24058922743228175, 0.2451060747494396, 0.2119049808583872, 0.30391705661892376, 0.2907891262177564, 0.23989138551758413, 0.211128854407061, 0.30776368108549434, 0.2476455040218316, 0.23132217459480608, 0.22204726199554856, 0.28860548342949827, 0.2681447292604519, 0.21611113575846733, 0.24672046294640343, 0.24812622858853628, 0.21657917144824068, 0.2730205955614322, 0.2148226375740215, 0.25437549875444687, 0.2880129305773061, 0.21084590360218997, 0.228260808150823, 0.2134231113047094, 0.2512802326377855, 0.26276036872268227, 0.22881323927928418, 0.2263860838785498, 0.2495655514347855, 0.21561915099841553, 0.22603140822904355, 0.2524639858395393, 0.21266574466972052, 0.22944430929732962, 0.250344518111134, 0.2688400296423461, 0.2146515923873059, 0.2458159595790278, 0.22257583655433938, 0.2229761070435073, 0.2723573644723236, 0.26209226995774637, 0.29713500512675384, 0.2607788376028897, 0.2316830059135263, 0.2918972822995064, 0.2209726688442103, 0.23792729938220833, 0.2706731568488272, 0.2960577844162268, 0.22145739423865193, 0.2944393711530144, 0.27059716129233247, 0.29327166048956327, 0.28389242938520093, 0.2132587397903388, 0.21567867571870672, 0.22105556291396042, 0.2201685113922503, 0.2197877107447492, 0.21076157068056806, 0.2374385676525029, 0.21308710062297473], "mean_waiting_time": [1650.4917952855003, 534.5989850687595, 1650.4917952855003, 727.2198382868016, 697.3603571879453, 1317.7077157110405, 649.7960072328287, 1282.9229405979, 1612.1974985385368, 537.1135218860708, 660.4264167820263, 1501.7580494533997, 932.8748062253591, 598.2158831226418, 543.8122682138945, 1267.848435066476, 1117.8944656591616, 1136.012347533008, 1428.6819385258648, 606.0626201591094, 1099.3307563423214, 851.7791219762264, 838.096511138576, 1243.235876069682, 595.2198262651609, 1010.8206387739344, 969.1049605029563, 956.6839806792035, 576.8930621796013, 940.7005018983532, 602.1899433390636, 541.1623959522461, 1057.9655737265614, 535.9917180184605, 742.3937327865908, 911.9988079403323, 884.6942764465514, 862.0584077297157, 834.0390911709432, 1533.4136674826066, 540.3443619389035, 562.3368637017758, 873.051854031093, 1560.5907151741123, 537.7918890766538, 799.7666600334322, 991.0309449371449, 1179.809550240761, 565.681365754851, 640.8715235327821, 1350.9666683744572, 815.0836293060088, 786.696968464397, 1338.605790389046, 614.8978293009662, 1401.311261284503, 729.2156304073932, 575.6130568008774, 1589.8637890216553, 1046.798804973247, 1445.5835133512019, 759.8723580526588, 674.135989758379, 1034.4637960197124, 1074.1671087198304, 778.2554825577262, 1375.3612532018603, 1083.6788343984838, 754.3034633064026, 1482.3957776903196, 1020.1193612994654, 771.288526469288, 636.9779698640077, 1406.6183419850142, 822.6616612447496, 1160.6828934460073, 1153.776329208794, 617.1026209309161, 682.4858058379805, 547.3483143390582, 688.6257377885264, 984.9228616608565, 556.9855684873041, 1216.4788854545595, 896.8886864019329, 625.5112918980755, 553.4858235689047, 1192.0251269561436, 553.4958736241618, 630.4555586324925, 555.4696460647924, 579.630040622206, 1460.8583611762901, 1371.5879756169857, 1201.0438782398362, 1224.699383188197, 1232.7211745138475, 1596.650821857437, 904.2255662793937, 1472.4939005353976], "solution_index": 37, "solution": [7, 11, 11, 11, 7, 6, 11, 12, 8, 5, 12, 9, 12, 6, 12, 9, 4, 14, 9, 9, 7, 4, 11, 9, 1, 1, 1, 5, 12, 14, 9, 9, 7, 1, 8, 1, 13, 5, 13, 9, 11, 14, 8, 11, 4, 5, 9, 1, 4, 11, 5, 13, 13, 12, 12, 9, 7, 14, 7, 11, 12, 2, 5, 5, 11, 8, 1, 9, 7, 11, 1, 9, 12, 14, 5, 1, 4, 6, 11, 9, 4, 1, 9, 1, 7, 1, 5, 1, 10, 12, 9, 1, 8, 8, 12, 11, 5, 8, 12, 5], "waiting_time_90_percentile": [1147.767130998938, 1040.9416203014068, 1147.438475303296, 1148.3893762861533, 1055.0347156175976, 1147.4981981315548, 1150.7100821347517, 1148.4988307770493, 1147.767130998938, 1040.9416203014068, 1150.7100821347517, 1147.438475303296, 1150.1418028094422, 1149.9604891061565, 1040.550228480206, 1148.4988307770493, 1148.9105586285293, 1148.2605522650533, 1147.438475303296, 1150.2101385121966, 1148.192680399351, 1052.5448372278347, 1052.5448372278347, 1149.653776325836, 1052.309340177024, 1150.300533362343, 1150.2765663300013, 1150.2765663300013, 1051.5258686598997, 1150.1418028094422, 1150.2101385121966, 1040.550228480206, 1148.3090652480114, 1040.9416203014068, 1054.9937568298053, 1147.6887635281967, 1147.6887635281967, 1147.6887635281967, 1148.780448384081, 1147.438475303296, 1040.550228480206, 1040.550228480206, 1147.6887635281967, 1147.438475303296, 1040.550228480206, 1052.4843827457203, 1150.300533362343, 1147.6436363328642, 1051.5258686598997, 1151.4005758651474, 1147.4981981315548, 1145.3176528924832, 1052.670848819727, 1147.4543216689785, 1150.9063007007596, 1147.438475303296, 1054.9937568298053, 1051.5259241878803, 1147.767130998938, 1148.3090652480114, 1147.438475303296, 1148.3893762861533, 1055.0062759787752, 1150.300533362343, 1148.2305578161875, 1052.8860169981206, 1147.438475303296, 1148.3090652480114, 1054.8967184280546, 1147.438475303296, 1150.300533362343, 1148.3893762861533, 1151.2101003452738, 1147.438475303296, 1147.7132504696283, 1148.2605522650533, 1148.2605522650533, 1150.9063007007596, 1045.3501577755462, 1040.550228480206, 1055.0592700107609, 1150.2765663300013, 1040.550228480206, 1148.4988307770493, 1147.6887635281967, 1150.9063007007596, 1040.550228480206, 1147.6436363328642, 1040.550228480206, 1051.152418804848, 1040.550228480206, 1051.5577905371536, 1147.438475303296, 1147.438475303296, 1147.6436363328642, 1149.0986035472163, 1147.6436363328642, 1147.438475303296, 1147.6887635281967, 1147.438475303296],