{
    "fake_lagos": 8638.874452512773,
    "fake_cairo": 8392.646454317224,
    "fake_manhattan": 7670.150926659227,
    "fake_geneva": 8705.949653856494,
    "fake_brooklyn": 8216.923660417786,
    "fake_kolkata": 8467.389553886009,
    "fake_lima": 7393.7697446862785,
    "fake_hanoi": 8674.751715169967,
    "fake_auckland": 8710.008132719095,
    "fake_casablanca": 7601.607747655512,
    "fake_guadalupe": 8061.2127671724875,
    "fake_manila": 7168.279602960993,
    "fake_jakarta": 7169.556461616454,
    "fake_belem": 7080.5509778759415,
    "fake_athens": 6922.828915144062,
    "fake_bogota": 4153.589779496462
}