{
    "fake_auckland": 15027.425392078989,
    "fake_lagos": 15158.304580061218,
    "fake_cairo": 13688.820586434877,
    "fake_hanoi": 15844.049811005758,
    "fake_kolkata": 14743.411940807131,
    "fake_mumbai": 14305.333401443017,
    "fake_guadalupe": 13676.283930926395,
    "fake_nairobi": 14349.533681956424
}