{
    "fake_cairo": 16093.83280506731,
    "fake_auckland": 15759.022019723423,
    "fake_casablanca": 16005.617339961233,
    "fake_brooklyn": 16133.96388220485,
    "fake_geneva": 15901.378552939474,
    "fake_athens": 15409.003702834849,
    "fake_belem": 15668.820504799396,
    "fake_bogota": 15473.578812998405
}