{
    "fake_auckland": 33749.13397169143,
    "fake_athens": 26462.656030236205,
    "fake_belem": 27897.283040684597,
    "fake_bogota": 20274.457627187705
}